{
  "kfolds": 5,
  "val_acc_inner": {
    "mean": 0.8750948166877371,
    "std": 0.01727410978750544
  },
  "test_acc_cv_holdout": {
    "mean": 0.8701200816467228,
    "std": 0.005660427885193456
  },
  "test_loss_cv_holdout": {
    "mean": 0.5244133860741577,
    "std": 0.03598183420097528
  }
}