fold,best_val_acc,test_acc,test_loss
1,0.8558786346396966,0.8629929221435794,0.5392740274825641
2,0.8735777496839444,0.8669701568032372,0.5279053308231757
3,0.9013906447534766,0.8765806777946383,0.4792083004356697
4,0.8647281921618205,0.8689934243803743,0.5734886827647354
5,0.8798988621997471,0.8750632271117855,0.5021905888646434
