{
  "test_loss": 0.47496480261954066,
  "test_acc": 0.9019211324570273,
  "best_val_acc": 0.9009100101112234
}