fold,best_val_acc,test_acc,test_loss
1,0.8761061946902655,0.8493427704752275,0.6909557414609332
2,0.8419721871049305,0.8487607486090035,0.643070046022557
3,0.854614412136536,0.8462316641375822,0.7002479940818667
4,0.8407079646017699,0.8467374810318664,0.7039869189503583
5,0.8685208596713021,0.8528072837632777,0.6648392114726112
