{
  "kfolds": 5,
  "val_acc": {
    "mean": 0.8563843236409608,
    "std": 0.015754667590062586
  },
  "test_acc_cv_holdout": {
    "mean": 0.8487759896033914,
    "std": 0.002607772743178985
  },
  "test_loss_cv_holdout": {
    "mean": 0.6806199823976653,
    "std": 0.025966954647736237
  }
}