{
  "kfolds": 5,
  "val_acc_inner": {
    "mean": 0.9011378002528444,
    "std": 0.01861028277796225
  },
  "test_acc_cv_holdout": {
    "mean": 0.8939912635346934,
    "std": 0.012213572084634626
  },
  "test_loss_cv_holdout": {
    "mean": 0.45533318754082897,
    "std": 0.05290497964810481
  }
}