fold,best_val_acc,test_acc,test_loss
1,0.9051833122629582,0.8963599595551062,0.42292088951211126
2,0.9077117572692794,0.9033889731917046,0.4064924874628923
3,0.9266750948166877,0.9018715225088518,0.4222315059928624
4,0.8862199747155499,0.8952959028831563,0.5045871840743749
5,0.8798988621997471,0.8730399595346484,0.5204338706619039
