{
  "best_val_acc": 0.8748419721871049,
  "test_acc": 0.8943377148634984,
  "test_loss": 0.37087733014529106
}