{
  "test_loss": 0.7739344644835793,
  "test_acc": 0.846309403437816,
  "best_val_acc": 0.8543983822042467
}