{
  "test_loss": 0.5772249762931736,
  "test_acc": 0.8649468892261002,
  "best_val_acc": 0.8554095045500506,
  "splits": {
    "train": 6919,
    "val": 989,
    "test": 1977
  },
  "model": "resnet50.a1_in1k"
}